"id_user","name_user","age","email","type","biographie"
"1","avtmo_fogyt","22","avtmo_fogyt@example.org","association","Passionné de technologie et de musique . Explorer le monde un clic à la fois."
"2","cxqxy_hspoe","30","cxqxy_hspoe@example.edu","personne","Écrivain passionné et amoureux des livres . Partageons nos histoires."
"3","jfnbp_aismj","36","jfnbp_aismj@example.net","association","Écrivain passionné et amoureux des livres . Partageons nos histoires."
"4","qiiaz_mmvsg","27","qiiaz_mmvsg@example.net","association","Amoureux de la nature et des animaux ."
"5","eusyr_uhizt","15","eusyr_uhizt@example.net","personne","Explorateur de la science et de l'espace . Plongeons dans les étoiles ensemble!"
"6","ghkeo_ctwaj","37","ghkeo_ctwaj@example.edu","personne","Explorateur de la science et de l'espace . Plongeons dans les étoiles ensemble!"
"7","dfotr_cswxu","54","dfotr_cswxu@example.gov","association","Voyageur du monde et amateur d'aventure . Découvrons des horizons nouveaux."
"8","glzee_oiwru","26","glzee_oiwru@example.org","personne","Artiste et rêveur . Créateur de beauté à travers la peinture et la photographie."
"9","rzxey_clrgl","29","rzxey_clrgl@example.org","association","Amoureux de la nature et des animaux ."
"10","gggwy_iycta","30","gggwy_iycta@example.net","association","Défenseur des droits de l'homme et de l'égalité . Ensemble pour un monde meilleur."
"11","ermkd_qumwr","31","ermkd_qumwr@example.gov","association","Militant environnemental . Agissons pour un avenir durable."
"12","tqeow_njpqk","40","tqeow_njpqk@example.com","association","Fanatique du fitness et du bien-être . Transformons nos vies par la santé."
"13","aslwh_bcegi","23","aslwh_bcegi@example.net","personne","Fanatique du fitness et du bien-être . Transformons nos vies par la santé."
"14","ldpud_psazo","39","ldpud_psazo@example.edu","association","Voyageur du monde et amateur d'aventure . Découvrons des horizons nouveaux."
"15","aqfhf_bklrl","19","aqfhf_bklrl@example.net","association","Passionné de technologie et de musique . Explorer le monde un clic à la fois."
"16","drppq_oksgy","42","drppq_oksgy@example.edu","personne","Passionné de technologie et de musique . Explorer le monde un clic à la fois."
"17","ysuld_mdgpu","31","ysuld_mdgpu@example.net","personne","Fanatique du fitness et du bien-être . Transformons nos vies par la santé."
"18","qasjn_htgtr","50","qasjn_htgtr@example.com","personne","Défenseur des droits de l'homme et de l'égalité . Ensemble pour un monde meilleur."
"19","owrkb_bmuyv","36","owrkb_bmuyv@example.edu","personne","Enthousiaste de la cuisine et de la nourriture du monde ."
"20","rqivt_sxade","16","rqivt_sxade@example.com","association","Enthousiaste de la cuisine et de la nourriture du monde ."
"21","yaccb_tqkji","47","yaccb_tqkji@example.net","association","Écrivain passionné et amoureux des livres . Partageons nos histoires."
"22","qeexc_wargj","22","qeexc_wargj@example.com","personne","Fanatique du fitness et du bien-être . Transformons nos vies par la santé."
"23","vjsqs_dotjh","15","vjsqs_dotjh@example.edu","association","Écrivain passionné et amoureux des livres . Partageons nos histoires."
"24","bvcrr_pcxzj","49","bvcrr_pcxzj@example.gov","personne","Passionné de technologie et de musique . Explorer le monde un clic à la fois."
"25","vglrv_ocpde","49","vglrv_ocpde@example.net","association","Amoureux de la nature et des animaux ."
"26","sflyx_unlum","41","sflyx_unlum@example.com","association","Voyageur du monde et amateur d'aventure . Découvrons des horizons nouveaux."
"27","zkcid_pffdf","23","zkcid_pffdf@example.net","personne","Artiste et rêveur . Créateur de beauté à travers la peinture et la photographie."
"28","pydzw_nyoyr","29","pydzw_nyoyr@example.edu","personne","Fanatique du fitness et du bien-être . Transformons nos vies par la santé."
"29","oxaji_uqlbq","17","oxaji_uqlbq@example.net","personne","Militant environnemental . Agissons pour un avenir durable."
"30","khssy_cjitw","50","khssy_cjitw@example.org","association","Enthousiaste de la cuisine et de la nourriture du monde ."
"31","aigsf_artmv","48","aigsf_artmv@example.net","personne","Explorateur de la science et de l'espace . Plongeons dans les étoiles ensemble!"
"32","ickkk_zhgwz","42","ickkk_zhgwz@example.net","association","Artiste et rêveur . Créateur de beauté à travers la peinture et la photographie."
"33","utxyu_vilxx","31","utxyu_vilxx@example.net","personne","Défenseur des droits de l'homme et de l'égalité . Ensemble pour un monde meilleur."
"34","jljef_egrfk","24","jljef_egrfk@example.net","association","Écrivain passionné et amoureux des livres . Partageons nos histoires."
"35","encwc_etwwn","20","encwc_etwwn@example.net","personne","Artiste et rêveur . Créateur de beauté à travers la peinture et la photographie."
"36","onvhf_okged","52","onvhf_okged@example.net","association","Écrivain passionné et amoureux des livres . Partageons nos histoires."
"37","ppzmw_fiavx","51","ppzmw_fiavx@example.edu","personne","Artiste et rêveur . Créateur de beauté à travers la peinture et la photographie."
"38","ojqww_evwpy","23","ojqww_evwpy@example.gov","association","Militant environnemental . Agissons pour un avenir durable."
"39","suiij_tazsf","25","suiij_tazsf@example.edu","association","Enthousiaste de la cuisine et de la nourriture du monde ."
"40","zrqem_vplwp","37","zrqem_vplwp@example.org","personne","Écrivain passionné et amoureux des livres . Partageons nos histoires."
"41","pexuv_xertz","39","pexuv_xertz@example.org","association","Voyageur du monde et amateur d'aventure . Découvrons des horizons nouveaux."
"42","kneug_nfpca","48","kneug_nfpca@example.org","personne","Militant environnemental . Agissons pour un avenir durable."
"43","emfiy_oyymf","18","emfiy_oyymf@example.edu","personne","Militant environnemental . Agissons pour un avenir durable."
"44","dxggb_ghjfv","32","dxggb_ghjfv@example.net","personne","Amoureux de la nature et des animaux ."
"45","eqism_iboqr","45","eqism_iboqr@example.com","association","Artiste et rêveur . Créateur de beauté à travers la peinture et la photographie."
"46","qkals_fogpg","48","qkals_fogpg@example.gov","personne","Artiste et rêveur . Créateur de beauté à travers la peinture et la photographie."
"47","dglac_gwppw","21","dglac_gwppw@example.gov","association","Amoureux de la nature et des animaux ."
"48","cthdm_nbxgt","21","cthdm_nbxgt@example.com","personne","Amoureux de la nature et des animaux ."
"49","twrsi_kuevp","35","twrsi_kuevp@example.org","association","Écrivain passionné et amoureux des livres . Partageons nos histoires."
"50","kgeab_fncbt","42","kgeab_fncbt@example.net","association","Explorateur de la science et de l'espace . Plongeons dans les étoiles ensemble!"
"51","thdyn_hnyqa","31","thdyn_hnyqa@example.gov","personne","Artiste et rêveur . Créateur de beauté à travers la peinture et la photographie."
"52","adhmt_hpflc","15","adhmt_hpflc@example.net","association","Passionné de technologie et de musique . Explorer le monde un clic à la fois."
"53","gozap_ysaeq","18","gozap_ysaeq@example.edu","personne","Enthousiaste de la cuisine et de la nourriture du monde ."
"54","jloqd_cnpip","42","jloqd_cnpip@example.edu","association","Enthousiaste de la cuisine et de la nourriture du monde ."
"55","wjekl_wteou","17","wjekl_wteou@example.org","personne","Explorateur de la science et de l'espace . Plongeons dans les étoiles ensemble!"
"56","ojrkk_zakvg","16","ojrkk_zakvg@example.net","personne","Explorateur de la science et de l'espace . Plongeons dans les étoiles ensemble!"
"57","krbvr_pnihc","44","krbvr_pnihc@example.gov","association","Enthousiaste de la cuisine et de la nourriture du monde ."
"58","yfqta_uivlc","20","yfqta_uivlc@example.net","personne","Défenseur des droits de l'homme et de l'égalité . Ensemble pour un monde meilleur."
"59","btqsx_lgwqp","20","btqsx_lgwqp@example.com","association","Passionné de technologie et de musique . Explorer le monde un clic à la fois."
"60","irqwz_nuxck","54","irqwz_nuxck@example.org","personne","Fanatique du fitness et du bien-être . Transformons nos vies par la santé."
"61","mnvit_fasfq","36","mnvit_fasfq@example.net","personne","Explorateur de la science et de l'espace . Plongeons dans les étoiles ensemble!"
"62","hpyve_wxewz","39","hpyve_wxewz@example.edu","association","Défenseur des droits de l'homme et de l'égalité . Ensemble pour un monde meilleur."
"63","mbaxr_vjfng","31","mbaxr_vjfng@example.com","personne","Fanatique du fitness et du bien-être . Transformons nos vies par la santé."
"64","crabl_bolvi","31","crabl_bolvi@example.com","personne","Défenseur des droits de l'homme et de l'égalité . Ensemble pour un monde meilleur."
"65","aujuz_vyvcs","54","aujuz_vyvcs@example.org","association","Amoureux de la nature et des animaux ."
"66","knjkf_tqwts","30","knjkf_tqwts@example.edu","association","Passionné de technologie et de musique . Explorer le monde un clic à la fois."
"67","qewxt_axgms","43","qewxt_axgms@example.com","association","Passionné de technologie et de musique . Explorer le monde un clic à la fois."
"68","ojems_zwtfr","50","ojems_zwtfr@example.edu","personne","Voyageur du monde et amateur d'aventure . Découvrons des horizons nouveaux."
"69","mwofx_lcpob","30","mwofx_lcpob@example.edu","personne","Amoureux de la nature et des animaux ."
"70","dbvqn_ukrlq","36","dbvqn_ukrlq@example.net","personne","Militant environnemental . Agissons pour un avenir durable."
"71","ekoeb_jidjv","39","ekoeb_jidjv@example.gov","association","Écrivain passionné et amoureux des livres . Partageons nos histoires."
"72","olojt_wrzmj","16","olojt_wrzmj@example.net","personne","Écrivain passionné et amoureux des livres . Partageons nos histoires."
"73","hbfkd_buvtz","42","hbfkd_buvtz@example.net","personne","Défenseur des droits de l'homme et de l'égalité . Ensemble pour un monde meilleur."
"74","wpken_wpukm","19","wpken_wpukm@example.net","association","Voyageur du monde et amateur d'aventure . Découvrons des horizons nouveaux."
"75","dvpap_vrcsy","55","dvpap_vrcsy@example.edu","personne","Amoureux de la nature et des animaux ."
"76","wihpg_zvxpd","14","wihpg_zvxpd@example.com","personne","Artiste et rêveur . Créateur de beauté à travers la peinture et la photographie."
"77","mgbob_poibd","51","mgbob_poibd@example.edu","personne","Militant environnemental . Agissons pour un avenir durable."
"78","bncyv_tbpgo","55","bncyv_tbpgo@example.com","association","Passionné de technologie et de musique . Explorer le monde un clic à la fois."
"79","imzae_pmbua","31","imzae_pmbua@example.com","association","Fanatique du fitness et du bien-être . Transformons nos vies par la santé."
"80","xihwn_bozca","23","xihwn_bozca@example.com","personne","Passionné de technologie et de musique . Explorer le monde un clic à la fois."
"81","almss_ngcxb","44","almss_ngcxb@example.org","association","Voyageur du monde et amateur d'aventure . Découvrons des horizons nouveaux."
"82","fqwby_keyuc","38","fqwby_keyuc@example.com","association","Enthousiaste de la cuisine et de la nourriture du monde ."
"83","mxaef_rgdty","17","mxaef_rgdty@example.net","personne","Voyageur du monde et amateur d'aventure . Découvrons des horizons nouveaux."
"84","pyayf_zowob","15","pyayf_zowob@example.gov","personne","Explorateur de la science et de l'espace . Plongeons dans les étoiles ensemble!"
"85","rjnst_qpaka","50","rjnst_qpaka@example.net","association","Voyageur du monde et amateur d'aventure . Découvrons des horizons nouveaux."
"86","dhauc_ivhid","49","dhauc_ivhid@example.com","personne","Enthousiaste de la cuisine et de la nourriture du monde ."
"87","oahnk_siqta","39","oahnk_siqta@example.com","personne","Enthousiaste de la cuisine et de la nourriture du monde ."
"88","cnxzq_lgsqy","24","cnxzq_lgsqy@example.net","personne","Militant environnemental . Agissons pour un avenir durable."
"89","iwqdm_fqaqw","47","iwqdm_fqaqw@example.org","personne","Voyageur du monde et amateur d'aventure . Découvrons des horizons nouveaux."
"90","taypk_hjiqg","49","taypk_hjiqg@example.gov","personne","Défenseur des droits de l'homme et de l'égalité . Ensemble pour un monde meilleur."
"91","yqlzi_dqggq","18","yqlzi_dqggq@example.edu","association","Militant environnemental . Agissons pour un avenir durable."
"92","tcojx_bdzja","37","tcojx_bdzja@example.org","personne","Fanatique du fitness et du bien-être . Transformons nos vies par la santé."
"93","lvwak_nstzu","45","lvwak_nstzu@example.gov","personne","Défenseur des droits de l'homme et de l'égalité . Ensemble pour un monde meilleur."
"94","lckck_eaikx","26","lckck_eaikx@example.gov","association","Explorateur de la science et de l'espace . Plongeons dans les étoiles ensemble!"
"95","cfiad_whgkk","50","cfiad_whgkk@example.gov","personne","Défenseur des droits de l'homme et de l'égalité . Ensemble pour un monde meilleur."
"96","hvlls_zniwv","47","hvlls_zniwv@example.gov","association","Fanatique du fitness et du bien-être . Transformons nos vies par la santé."
"97","yvkkh_hytgq","48","yvkkh_hytgq@example.edu","association","Explorateur de la science et de l'espace . Plongeons dans les étoiles ensemble!"
"98","sxgbt_trsgy","34","sxgbt_trsgy@example.org","personne","Artiste et rêveur . Créateur de beauté à travers la peinture et la photographie."
"99","rbugt_pakgq","27","rbugt_pakgq@example.com","association","Militant environnemental . Agissons pour un avenir durable."
"100","bxwjg_prklq","24","bxwjg_prklq@example.org","personne","Amoureux de la nature et des animaux ."
